{"sum": 435321, "avr": 555.2563775510204, "sumMD": 17626, "avrMD": 629.5, "sumSD": 17060, "avrSD": 609.2857142857143, "max": 998, "min": 101}